topic_words3,EKRE,Isamaa ja Res Publica Liidu fraktsioon,difference
elatisraha elatisabi elatise,0.0033670033670033,0.079295154185022,-2255.0660792952003
psuhhiaatri alaealine psuhhiaatrilist,0.0016835016835016,0.0616740088105726,-3563.436123348194
joustumine joustuma joustada,0.005050505050505,0.0308370044052863,-510.57268722467484
huvigruppe huvigruppide kaasatud,0.005050505050505,0.0308370044052863,-510.57268722467484
krimmi agressiooni ukraina,0.0151515151515151,0.0440528634361233,-190.74889867841478
koolis kooli opilased,0.0269360269360269,0.0572687224669603,-112.61013215859039
lasteaia lasteaias lasteaiakoha,0.0033670033670033,0.0220264317180616,-554.1850220264424
lapsetoetust lapsetoetus lapsetoetuse,0.0033670033670033,0.0176211453744493,-423.3480176211546
opositsioonis koalitsiooni opositsiooni,0.0202020202020202,0.039647577092511,-96.25550660792948
korterid kortereid korterit,0.0016835016835016,0.013215859030837,-685.0220264317568
tooandja tervisesse maksuvabalt,0.0016835016835016,0.013215859030837,-685.0220264317568
toonadalal istungid taiendaval,0.0033670033670033,0.013215859030837,-292.51101321586674
jaatmeid liigiti prugi,0.0016835016835016,0.0088105726872246,-423.34801762116723
kodualuse maamaksu maamaksust,0.0016835016835016,0.0088105726872246,-423.34801762116723
aasia aasias saatkonna,0.0016835016835016,0.0088105726872246,-423.34801762116723
prokuratuur prokuratuuri prokuror,0.0033670033670033,0.0088105726872246,-161.6740088105758
elektri elektrit taastuvenergia,0.0033670033670033,0.0088105726872246,-161.6740088105758
maksuamet tolliamet tolliameti,0.0033670033670033,0.0088105726872246,-161.6740088105758
vabatahtlike komandode paasteameti,0.0016835016835016,0.0044052863436123,-161.6740088105836
relva relvade relvaluba,0.0016835016835016,0.0044052863436123,-161.6740088105836
metsa metsade mets,0.0016835016835016,0.0044052863436123,-161.6740088105836
opositsiooni koalitsioonil opositsioonil,0.0016835016835016,0.0044052863436123,-161.6740088105836
reklaami reklaam alkoholireklaam,0.0016835016835016,0.0044052863436123,-161.6740088105836
tapsustatakse ajakohastatakse nouete,0.0016835016835016,0.0044052863436123,-161.6740088105836
terviseandmed isikuandmeid terviseandmeid,0.0016835016835016,0.0044052863436123,-161.6740088105836
arengufond arengufondi arengufondis,0.0016835016835016,0.0044052863436123,-161.6740088105836
pensioni pension sammas,0.0016835016835016,0.0044052863436123,-161.6740088105836
pohiseadusega riigikohus oiguskantsler,0.005050505050505,0.0088105726872246,-74.44933920704881
hoone rkas hoonet,0.005050505050505,0.0088105726872246,-74.44933920704881
kodakondsust kodakondsuse kodanikuks,0.0067340067340067,0.0088105726872246,-30.83700440528596
soita jalakaija konniteel,0.0067340067340067,0.0088105726872246,-30.83700440528596
loomi loomade loomad,0.0067340067340067,0.0088105726872246,-30.83700440528596
hanke hankija riigihangete,0.0033670033670033,0.0044052863436123,-30.8370044052879
kaibemaksu kaibemaks kaibemaksumaara,0.0033670033670033,0.0044052863436123,-30.8370044052879
arengukavad arengukavade pohialuste,0.0033670033670033,0.0044052863436123,-30.8370044052879
leping ratifitseerida lepinguga,0.0084175084175084,0.0088105726872246,-4.6696035242284575
alkoholi kange lahja,0.0084175084175084,0.0088105726872246,-4.6696035242284575
kohtunike kohtususteem kohtuniku,0.005050505050505,0.0044052863436123,12.77533039647559
elamisluba elamisloa viisa,0.005050505050505,0.0044052863436123,12.77533039647559
koolilouna koolitoidu koolitoit,0.005050505050505,0.0044052863436123,12.77533039647559
kaasne lisakulutusi riigieelarvele,0.0101010101010101,0.0088105726872246,12.775330396476459
palgalohe soolist meeste,0.0067340067340067,0.0044052863436123,34.58149779735702
tulumaksuvaba maksususteemi tulumaksu,0.0134680134680134,0.0088105726872246,34.58149779735702
riigiloivude riigiloivud riigiloivu,0.0134680134680134,0.0088105726872246,34.58149779735702
vallaga vald sauga,0.0084175084175084,0.0044052863436123,47.66519823788577
palgatousu opetajate palgatous,0.0084175084175084,0.0044052863436123,47.66519823788577
katteallikas katteallikaid katteallikat,0.0101010101010101,0.0044052863436123,56.38766519823824
taanis saksamaal hollandis,0.0101010101010101,0.0044052863436123,56.38766519823824
valimisea valimisiga valimisoiguse,0.0101010101010101,0.0044052863436123,56.38766519823824
otsevalimise presidenti presidendi,0.0117845117845117,0.0044052863436123,62.617998741346796
liitlaste ohutorje keskmaa,0.0134680134680134,0.0044052863436123,67.29074889867852
jarviku jarvik maaeluministri,0.0134680134680134,0.0044052863436123,67.29074889867852
rahvuse rahvust rahvusriik,0.0168350168350168,0.0044052863436123,73.83259911894288
valimisliitude volikogusse volikokku,0.0185185185185185,0.0044052863436123,76.21145374449357
pollumeestele pollumehi pollumehed,0.0252525252525252,0.0088105726872246,65.11013215859052
valijate erakonda valijaid,0.0218855218855218,0.0044052863436123,79.8712300914945
efsf esm kreekale,0.0269360269360269,0.0044052863436123,83.64537444933931
pagulasi pagulased pagulaste,0.1599326599326599,0.0,100.0
piirilepingu piirileping piirilepingut,0.0353535353535353,0.0,100.0
slovakkia ungari portugal,0.0252525252525252,0.0,100.0
kaitseliit kaitseliidule kaitseliidu,0.0218855218855218,0.0,100.0
eelarves riigieelarves reservist,0.0218855218855218,0.0,100.0
missiooni missioonile missioon,0.0168350168350168,0.0,100.0
sigade katku katk,0.0151515151515151,0.0,100.0
tulubaasi omavalitsustele omavalitsuste,0.0151515151515151,0.0,100.0
eripensioni valjateenitud staazi,0.0117845117845117,0.0,100.0
rahvahaaletuse rahvahaaletus rahvahaaletusel,0.0101010101010101,0.0,100.0
vagivallale vihakone ohutamine,0.0101010101010101,0.0,100.0
ajakirjandus ajakirjanduse ajakirjandust,0.0101010101010101,0.0,100.0
piima toorpiima toodangut,0.0101010101010101,0.0,100.0
pensionifondide pensionifondid fondid,0.0101010101010101,0.0,100.0
ulejaagis struktuurses struktuurse,0.0101010101010101,0.0,100.0
direktiivi direktiiv ulevotmise,0.0084175084175084,0.0,100.0
piirikontrolli schengeni valispiiri,0.0067340067340067,0.0,100.0
valismaale valjarande valjaranne,0.0067340067340067,0.0,100.0
annetus erjk annetuse,0.0067340067340067,0.0,100.0
annetused annetusi annetuste,0.0067340067340067,0.0,100.0
eriarstide eriarstiabi eriarsti,0.0067340067340067,0.0,100.0
pealinnast tallinnast viljandisse,0.0067340067340067,0.0,100.0
piirivalve valvamise valvamine,0.0067340067340067,0.0,100.0
idapiiri piiririba valjaehitamine,0.005050505050505,0.0,100.0
teenistuse teenistuses avalikus,0.005050505050505,0.0,100.0
estonian air airi,0.005050505050505,0.0,100.0
korruptsiooni korruptsioon korruptsiooniga,0.005050505050505,0.0,100.0
tulubaasi tasandusfondi tulumaksuosa,0.005050505050505,0.0,100.0
abielu kooselu samasooliste,0.0033670033670033,0.0,100.0
eelarvele kulude riigieelarvele,0.0033670033670033,0.0,100.0
id mobiil kaardi,0.0033670033670033,0.0,100.0
iive sundimus iibe,0.0033670033670033,0.0,100.0
inflatsiooni inflatsioon hinnatous,0.0033670033670033,0.0,100.0
aardla pria pealtnagija,0.0033670033670033,0.0,100.0
teadus teaduse arendustegevuse,0.0033670033670033,0.0,100.0
teekasutustasu autode autod,0.0033670033670033,0.0,100.0
valdkonnad laekumisest fikseeritakse,0.0033670033670033,0.0,100.0
varude varud varu,0.0033670033670033,0.0,100.0
uuring uuringut uuringu,0.0033670033670033,0.0,100.0
suuria euroopasse turgis,0.0033670033670033,0.0,100.0
huvihariduse huvitegevuse huviharidus,0.0033670033670033,0.0,100.0
utah jordaania energia,0.0033670033670033,0.0,100.0
kauguhendus avaksite ettekandjalt,0.0016835016835016,0.0,100.0
pensionitous pensionitousu pension,0.0016835016835016,0.0,100.0
kolledz kolledzi turi,0.0016835016835016,0.0,100.0
erso teatri kontserdi,0.0016835016835016,0.0,100.0
kasvavad tuleval kasv,0.0016835016835016,0.0,100.0
kantsler kantsleri riigisekretar,0.0016835016835016,0.0,100.0
hadaolukorda eriolukord eriolukorra,0.0016835016835016,0.0,100.0
hambaravi hammaste hambad,0.0016835016835016,0.0,100.0
pensioniiga pensioniea eluiga,0.0016835016835016,0.0,100.0
miili baasvorgu lairiba,0.0016835016835016,0.0,100.0
volitust kaasuses jarvik,0.0016835016835016,0.0,100.0
kaitsekulud kaitsekulutused kaitsekulude,0.0016835016835016,0.0,100.0
koneleja konsensuslikud repliigi,0.0016835016835016,0.0,100.0
ooteala piiriuletuse piiripunkti,0.0016835016835016,0.0,100.0
omandireformi tagastatud omandireform,0.0016835016835016,0.0,100.0
oigusriik oigusriigi oigusriigist,0.0016835016835016,0.0,100.0
konkurss konkursi konkurssi,0.0016835016835016,0.0,100.0
korrata stenogrammist vabandan,0.0016835016835016,0.0,100.0
volakirjade keskpank volakirju,0.0016835016835016,0.0,100.0
majandusaasta koondaruanne raamatupidamise,0.0016835016835016,0.0,100.0
maantee neljarealiseks ppp,0.0016835016835016,0.0,100.0
lipud lippude lipp,0.0016835016835016,0.0,100.0
kusimusena tahtsa tahtsusega,0.0016835016835016,0.0,100.0
hooldekodus hoolduse hooldekodu,0.0016835016835016,0.0,100.0
korterelamute kortermajade kredexi,0.0016835016835016,0.0,100.0
samba sammas sambasse,0.0016835016835016,0.0,100.0
tarbijakaitse amet ametile,0.0016835016835016,0.0,100.0
untso missioonide liikmesusest,0.0016835016835016,0.0,100.0
uhistranspordi uhistransport uhistransporti,0.0016835016835016,0.0,100.0
riigipalgaliste riigisektoris koondada,0.0016835016835016,0.0,100.0
rail trassi balticu,0.0016835016835016,0.0,100.0
riigimetsa majandamise noukokku,0.0016835016835016,0.0,100.0
rongi rongide rongid,0.0016835016835016,0.0,100.0
oigusloome oigusloomes oiguspoliitika,0.0,0.0,
kusija vastaja vastasin,0.0,0.0,
operatsioonil sojalisel panustamisel,0.0,0.0,
laari laar kandidatuuri,0.0,0.0,
oiglase virumaale ulemineku,0.0,0.0,
lae korgepalgaliste lagi,0.0,0.0,
kutsehariduse kutseharidus kutsehariduses,0.0,0.0,
lahususe voimude lahusus,0.0,0.0,
liiklussurmade liikluses hukkunute,0.0,0.0,
vee monopolide veeteenuse,0.0,0.0,
lng terminali gaasi,0.0,0.0,
maavalitsuste maavalitsused maakonna,0.0,0.0,
magustatud suhkrut joogi,0.0,0.0,
memorandumi moistmise memorandum,0.0,0.0,
objekti anu raua,0.0,0.0,
muraste kase kompleksi,0.0,0.0,
muugimaksu muugimaks paadimaksu,0.0,0.0,
muundatud geneetiliselt gmo,0.0,0.0,
muuseum muuseumi muuseumide,0.0,0.0,
nord stream streami,0.0,0.0,
noukogudesse ariuhingute noukogudes,0.0,0.0,
lipu laevu kaubalaeva,0.0,0.0,
tooandja tooandjal tootaja,0.0,0.0,
veb fondi uurimiskomisjon,0.0,0.0,
talupidajate kaubanduskoja kaubanduskoda,0.0,0.0,
koolituse koolitus koolitusele,0.0,0.0,
post posti omniva,0.0,0.0,
president ilves presidendi,0.0,0.0,
puude raskusastme puuet,0.0,0.0,
riigikontrolli auditi auditit,0.0,0.0,
riigikontrolor karis riigikontrolori,0.0,0.0,
riigireformi riigireformist riigireform,0.0,0.0,
salastatud valisteabe riigisaladuse,0.0,0.0,
skais arendused infosusteemide,0.0,0.0,
oppelaenu sugava puudega,0.0,0.0,
sularaha kommertspangad pangad,0.0,0.0,
teatri teater rahvusooper,0.0,0.0,
valimiskomisjon proteste valimiskasti,0.0,0.0,
teede teehoiuks teedele,0.0,0.0,
teenuseid teenused teenust,0.0,0.0,
tervist tervis tervisega,0.0,0.0,
tootuid tootute tootu,0.0,0.0,
tootuli lepitaja ametiuhingute,0.0,0.0,
tootuna arvele ariuhingu,0.0,0.0,
toovoimereformi toovoimega toovoimereform,0.0,0.0,
tsernoboli represseeritud oigusvastaselt,0.0,0.0,
uliopilased uliopilastele uliopilaste,0.0,0.0,
vaesuses suhtelises vaesuse,0.0,0.0,
vagivalla naistevastase perevagivalla,0.0,0.0,
korteriuhistu korteriomanike korteriuhistute,0.0,0.0,
salvestisi salvestised salvestiste,0.0,0.026431718061674,-inf
kohtutaiturite kohtutaitur kohtutaituri,0.0,0.0,
energiaagentuur agentuuri agentuur,0.0,0.0044052863436123,-inf
poolte kokkuleppel huvitise,0.0,0.0044052863436123,-inf
borsile ipo enefit,0.0,0.0044052863436123,-inf
danske filiaali rahapesu,0.0,0.0044052863436123,-inf
riigiabi komisjonilt loa,0.0,0.0220264317180616,-inf
ammendumiseni kaheni pikendada,0.0,0.0044052863436123,-inf
planeeringu keskkonnamoju keskkonnamojude,0.0,0.0044052863436123,-inf
valispoliitika valispoliitikas diplomaatia,0.0,0.0044052863436123,-inf
kala kalurid kalurite,0.0,0.0044052863436123,-inf
riigipuha puhade tahtpaevade,0.0,0.0044052863436123,-inf
normitehnika mojude eeskiri,0.0,0.0044052863436123,-inf
moisteid moiste moisted,0.0,0.0088105726872246,-inf
ootuse oigusparase oiguskindluse,0.0,0.0220264317180616,-inf
erimargistatud kutust kutuse,0.0,0.0484581497797356,-inf
ts parvlaeva parvlaevad,0.0,0.0044052863436123,-inf
louis freeh kremli,0.0,0.0044052863436123,-inf
haale valimispaeval valimiste,0.0,0.0044052863436123,-inf
kulukuse krediidi kiirlaenude,0.0,0.013215859030837,-inf
ulikooliga kbfi instituudi,0.0,0.0044052863436123,-inf
kinnitamise paevakorra paevakord,0.0,0.0044052863436123,-inf
kinnisasja maad maa,0.0,0.0044052863436123,-inf
jalitustegevuse jalitustoimingu sideandmete,0.0,0.0088105726872246,-inf
karistuse karistus tingimisi,0.0,0.0088105726872246,-inf
rahvaalgatuse rahvaalgatus rahvahaaletus,0.0,0.0044052863436123,-inf
apteeke apteegid apteekide,0.0,0.0220264317180616,-inf
kohtla jarve johvi,0.0,0.0,
hiv narkomaania epideemia,0.0,0.0,
kohanimenoukogu vonnu mulgi,0.0,0.0,
kirik kiriku maarja,0.0,0.0,
keskkonnaameti uhendamine uhendamise,0.0,0.0,
keeleoskust oskuse keeleoskuse,0.0,0.0,
kandideerima ametikohale kandidaatide,0.0,0.0,
kandidaati kandidaat valituks,0.0,0.0,
kandidaadi kandidaati kandidaat,0.0,0.0,
jahimehed jahimeeste jahti,0.0,0.0,
inimarengu aruanne aruandes,0.0,0.0,
hoiu pangad pankade,0.0,0.0,
hansson ardo panga,0.0,0.0,
vanemahuvitist vanemahuvitise vanemahuvitis,0.0,0.0088105726872246,-inf
haiguspaevade haiguspaevi haiguspaeva,0.0,0.0,
haalte kandidaatidele haaletamisest,0.0,0.0,
fie fuusilisest isikust,0.0,0.0,
etv saateid pbk,0.0,0.0,
domeenide domeeni interneti,0.0,0.0,
deklaratsiooni deklaratsioone deklaratsioonis,0.0,0.0,
ametiuhingute tooandjate keskliit,0.0,0.0,
aituma infotundi jahimehed,0.0,0.0,
abipolitseinik abipolitseiniku abipolitseinike,0.0,0.0,
treenerite spordi sport,0.0,0.039647577092511,-inf
virumaale virumaa toostusalade,0.0,0.0,
